url_path,views_total,views_unique
/sarkar-s/CoRe/blob/main/plot-finite-responses-ORA.ipynb,10,2
/sarkar-s/CoRe/blob/main/Add-human_PPI.ipynb,8,3
/sarkar-s/CoRe/blob/main/Communicated_Proteins.ipynb,6,2
/sarkar-s/CoRe/tree/main/.github/workflows,6,2
/sarkar-s/CoRe/blob/main/docs/output_19_1.png,5,1
/sarkar-s/CoRe/tree/main/docs,5,1
/sarkar-s/CoRe/blob/main/communicated_ORA.ipynb,4,2
/sarkar-s/CoRe/blob/main/Plot-Collective-ORA.ipynb,4,2
/sarkar-s/CoRe/blob/main/SARS-CoV-2_human_PPI.ipynb,4,2
/sarkar-s/CoRe/blob/main/Construct_network.ipynb,4,1
